threshold,exact_match_accuracy,hamming_loss,jaccard_score,binary_precision,binary_recall,binary_f1,binary_support,micro_precision,micro_recall,micro_f1,macro_precision,macro_recall,macro_f1,weighted_precision,weighted_recall,weighted_f1,roc_auc_macro,roc_auc_micro,label_accuracy__compute,label_precision__compute,label_recall__compute,label_f1__compute,label_support__compute,label_auc__compute,label_accuracy__data_handling,label_precision__data_handling,label_recall__data_handling,label_f1__data_handling,label_support__data_handling,label_auc__data_handling,label_accuracy__network,label_precision__network,label_recall__network,label_f1__network,label_support__network,label_auc__network,label_accuracy__security_compliance,label_precision__security_compliance,label_recall__security_compliance,label_f1__security_compliance,label_support__security_compliance,label_auc__security_compliance,label_accuracy__management_monitoring,label_precision__management_monitoring,label_recall__management_monitoring,label_f1__management_monitoring,label_support__management_monitoring,label_auc__management_monitoring,label_accuracy__cloud_service_essentials,label_precision__cloud_service_essentials,label_recall__cloud_service_essentials,label_f1__cloud_service_essentials,label_support__cloud_service_essentials,label_auc__cloud_service_essentials,epoch,train_loss,validation_loss,seed,experiment_name,run_timestamp
0.2,0.16845878136200718,0.24313022700119474,0.25906116200878476,0.7362204724409449,0.9444444444444444,0.827433628318584,198,0.3531746031746032,0.6872586872586872,0.46657929226736566,0.32857448107448106,0.5741793462227223,0.39894638830186024,0.34937664777386035,0.6872586872586872,0.44587097712560386,0.7877834733783429,0.8046468477563884,0.8530465949820788,0.46,0.6216216216216216,0.5287356321839081,37,0.8666517757426848,0.9175627240143369,0.14285714285714285,0.05555555555555555,0.08,18,0.7813963388676033,0.8673835125448028,0.3170731707317073,0.5909090909090909,0.4126984126984127,22,0.8307392996108949,0.7168458781362007,0.3269230769230769,0.7906976744186046,0.46258503401360546,43,0.8338588884509263,0.4157706093189964,0.34959349593495936,0.9662921348314607,0.5134328358208955,89,0.7536960378474276,0.7706093189964157,0.375,0.42,0.39622641509433965,50,0.6617467248908298,1,0.4270289790148687,0.36317915552192265,0,no_ambiguity,2026-08-30T23:24:44.420551
0.2,0.43010752688172044,0.12843488649940263,0.4657641430000077,0.8198198198198198,0.9191919191919192,0.8666666666666667,198,0.5614525139664804,0.7760617760617761,0.6515397082658023,0.5671810048941257,0.7433894523546992,0.6340614761846962,0.5681176015497735,0.7760617760617761,0.6496760922644756,0.9067856936690688,0.9136308443728939,0.8566308243727598,0.47368421052631576,0.7297297297297297,0.574468085106383,37,0.8940138485593031,0.953405017921147,0.6666666666666666,0.5555555555555556,0.6060606060606061,18,0.9465730097914007,0.931899641577061,0.5454545454545454,0.8181818181818182,0.6545454545454545,22,0.9632118853908738,0.8566308243727598,0.5211267605633803,0.8604651162790697,0.6491228070175439,43,0.9195900670082775,0.7741935483870968,0.6,0.8764044943820225,0.7123287671232876,89,0.8935541099940862,0.8566308243727598,0.5961538461538461,0.62,0.6078431372549019,50,0.8237554585152839,2,0.3111193747532488,0.2682928517460823,0,no_ambiguity,2026-08-30T23:24:44.420551
0.2,0.5268817204301075,0.11768219832735961,0.4950289404320869,0.8377192982456141,0.9646464646464646,0.8967136150234741,198,0.5901162790697675,0.7837837837837838,0.6733001658374793,0.574725638481758,0.7907108029710591,0.6582292098376413,0.6158202236773773,0.7837837837837838,0.6826991077242154,0.9276691229598537,0.9298852613340245,0.8315412186379928,0.42857142857142855,0.8108108108108109,0.5607476635514018,37,0.9123296850569579,0.9247311827956989,0.45454545454545453,0.8333333333333334,0.5882352941176471,18,0.9512558535547042,0.946236559139785,0.6206896551724138,0.8181818181818182,0.7058823529411765,22,0.9672798019101521,0.899641577060932,0.6530612244897959,0.7441860465116279,0.6956521739130435,43,0.9390027591643674,0.8494623655913979,0.7473684210526316,0.797752808988764,0.7717391304347826,89,0.9031933767001773,0.8422939068100358,0.5441176470588235,0.74,0.6271186440677966,50,0.89117903930131,3,0.21140327951823823,0.2368924468755722,0,no_ambiguity,2026-08-30T23:24:44.420551
0.2,0.5913978494623656,0.09259259259259259,0.5287659191008579,0.8599033816425121,0.898989898989899,0.8790123456790123,198,0.6857142857142857,0.7413127413127413,0.712430426716141,0.6760783654872325,0.7143733195627631,0.6885315458085796,0.6995372968821435,0.7413127413127413,0.7134520465494799,0.9147824714115529,0.9184441382321241,0.9068100358422939,0.6896551724137931,0.5405405405405406,0.6060606060606061,37,0.9022783113692204,0.9498207885304659,0.6,0.6666666666666666,0.631578947368421,18,0.9167730949340145,0.953405017921147,0.7142857142857143,0.6818181818181818,0.6976744186046512,22,0.9350902016271667,0.9139784946236559,0.6938775510204082,0.7906976744186046,0.7391304347826086,43,0.9226448561292865,0.8709677419354839,0.8045977011494253,0.7865168539325843,0.7954545454545454,89,0.8984033116499113,0.8494623655913979,0.5540540540540541,0.82,0.6612903225806451,50,0.914061135371179,4,0.14385918678358348,0.24107959080073568,0,no_ambiguity,2026-08-30T23:24:44.420551
0.2,0.2831541218637993,0.17562724014336917,0.22704514063284784,0.7465437788018433,0.8526315789473684,0.7960687960687961,190,0.4228187919463087,0.5080645161290323,0.46153846153846156,0.3851623277922867,0.3855830390369865,0.3336056971915746,0.42467351463534325,0.5080645161290323,0.41834221778329495,0.7863187607256588,0.7889879201918292,0.8387096774193549,0.37254901960784315,0.59375,0.4578313253012048,32,0.8219888663967612,0.910394265232975,0.0,0.0,0.0,24,0.806045751633987,0.9247311827956989,0.5,0.047619047619047616,0.08695652173913043,21,0.7860834256183094,0.8924731182795699,0.7906976744186046,0.6181818181818182,0.6938775510204082,55,0.8905844155844156,0.5770609318996416,0.375,0.8289473684210527,0.5163934426229508,76,0.7715841327456572,0.8028673835125448,0.2727272727272727,0.225,0.2465753424657534,40,0.6405857740585774,1,0.41902467999795473,0.3590700113111072,1,no_ambiguity,2026-08-30T23:31:49.294407
0.2,0.45161290322580644,0.14755077658303464,0.407635903026428,0.8309178743961353,0.9052631578947369,0.8664987405541562,190,0.5013927576601671,0.7258064516129032,0.5930807248764415,0.4808235339582568,0.7130378028404344,0.5693287889507839,0.5165013651713329,0.7258064516129032,0.5992422113574929,0.8715531379431898,0.8889149662941682,0.8243727598566308,0.36065573770491804,0.6875,0.4731182795698925,32,0.8653846153846154,0.8924731182795699,0.4117647058823529,0.5833333333333334,0.4827586206896552,24,0.875,0.9175627240143369,0.475,0.9047619047619048,0.6229508196721312,21,0.9405684754521964,0.8924731182795699,0.6984126984126984,0.8,0.7457627118644068,55,0.9310876623376623,0.7849462365591398,0.5754716981132075,0.8026315789473685,0.6703296703296703,76,0.8618745138708841,0.8028673835125448,0.36363636363636365,0.5,0.42105263157894735,40,0.7573221757322175,2,0.2899467841242299,0.2835202275051011,1,no_ambiguity,2026-08-30T23:31:49.294407
0.2,0.5053763440860215,0.14097968936678615,0.4402834939367393,0.8264840182648402,0.9526315789473684,0.8850855745721271,190,0.5157068062827225,0.7943548387096774,0.6253968253968254,0.4960202461873981,0.81258449153186,0.6062844744684839,0.5425176475987123,0.7943548387096774,0.6347903524197791,0.9039824138034863,0.9042663891779398,0.8351254480286738,0.3870967741935484,0.75,0.5106382978723404,32,0.8784159919028339,0.8637992831541219,0.36538461538461536,0.7916666666666666,0.5,24,0.9352941176470588,0.899641577060932,0.425531914893617,0.9523809523809523,0.5882352941176471,21,0.9523809523809523,0.8709677419354839,0.6172839506172839,0.9090909090909091,0.7352941176470589,55,0.9353896103896103,0.8136200716845878,0.6463414634146342,0.6973684210526315,0.6708860759493671,76,0.8724397199896292,0.8709677419354839,0.5344827586206896,0.775,0.6326530612244898,40,0.8481171548117155,3,0.1979886596702566,0.2620338863796658,1,no_ambiguity,2026-08-30T23:31:49.294407
0.2,0.48028673835125446,0.13560334528076465,0.4620121882820762,0.8165137614678899,0.9368421052631579,0.8725490196078431,190,0.5287671232876713,0.7782258064516129,0.6296900489396411,0.5345806552691842,0.7966238987620566,0.6248620716045586,0.5779019521597986,0.7782258064516129,0.6494217982823824,0.904547832697753,0.9081148486630773,0.7634408602150538,0.3068181818181818,0.84375,0.45,32,0.878415991902834,0.8888888888888888,0.4186046511627907,0.75,0.5373134328358209,24,0.9383986928104575,0.9354838709677419,0.5405405405405406,0.9523809523809523,0.6896551724137931,21,0.9509043927648578,0.8960573476702509,0.7321428571428571,0.7454545454545455,0.7387387387387387,55,0.9310064935064934,0.8243727598566308,0.651685393258427,0.7631578947368421,0.703030303030303,76,0.8769769250712989,0.8781362007168458,0.5576923076923077,0.725,0.6304347826086957,40,0.8529288702928871,4,0.13413420259350478,0.2722552633947796,1,no_ambiguity,2026-08-30T23:31:49.294407
0.2,0.2616487455197133,0.22640382317801672,0.3099621222407644,0.719047619047619,0.8342541436464088,0.7723785166240409,181,0.3497854077253219,0.6820083682008368,0.4624113475177305,0.38368431133137015,0.6397298061800565,0.466360464488844,0.38362174566210994,0.6820083682008368,0.4741521041824359,0.8170945645241757,0.8202586269735979,0.7885304659498208,0.3382352941176471,0.6216216216216216,0.4380952380952381,37,0.8215322760777306,0.9175627240143369,0.38461538461538464,0.5882352941176471,0.46511627906976744,17,0.8709025594970812,0.8673835125448028,0.5384615384615384,0.525,0.5316455696202531,40,0.8553347280334729,0.8458781362007168,0.5285714285714286,0.7872340425531915,0.6324786324786325,47,0.8971019809244314,0.46236559139784944,0.29,0.8787878787878788,0.43609022556390975,66,0.75871389955897,0.7598566308243727,0.2222222222222222,0.4375,0.29473684210526313,32,0.6995192307692307,1,0.41413419866802714,0.34386363128821057,2,no_ambiguity,2026-08-30T23:38:54.466271
0.2,0.5268817204301075,0.11230585424133811,0.4975579617515102,0.8051282051282052,0.8674033149171271,0.8351063829787234,181,0.580441640378549,0.7698744769874477,0.6618705035971223,0.575745290214024,0.7697477611158775,0.6548435169003258,0.5908319479763755,0.7698744769874477,0.666186975319002,0.9027592521306255,0.9152508273438982,0.8494623655913979,0.44680851063829785,0.5675675675675675,0.5,37,0.8606209515300425,0.9247311827956989,0.4375,0.8235294117647058,0.5714285714285714,17,0.9196228109564436,0.942652329749104,0.75,0.9,0.8181818181818182,40,0.9630753138075314,0.921146953405018,0.7272727272727273,0.851063829787234,0.7843137254901961,47,0.9590058694057226,0.7849462365591398,0.5319148936170213,0.7575757575757576,0.625,66,0.843861146678048,0.9032258064516129,0.5609756097560976,0.71875,0.6301369863013698,32,0.8717105263157895,2,0.2967364377144611,0.2565428175859981,2,no_ambiguity,2026-08-30T23:38:54.466271
0.2,0.45161290322580644,0.12246117084826762,0.48132495164410066,0.75,0.9447513812154696,0.8361858190709046,181,0.5485714285714286,0.803347280334728,0.6519524617996605,0.5523099491193649,0.783980823823596,0.6392678739421268,0.5716628707504615,0.803347280334728,0.660625633755411,0.9125960823757193,0.9177146356042163,0.8924731182795699,0.5813953488372093,0.6756756756756757,0.625,37,0.885637703819522,0.9032258064516129,0.3611111111111111,0.7647058823529411,0.49056603773584906,17,0.9070498428378985,0.953405017921147,0.8292682926829268,0.85,0.8395061728395061,40,0.9691422594142258,0.8817204301075269,0.6,0.8936170212765957,0.717948717948718,47,0.9644167278063096,0.7741935483870968,0.5135135135135135,0.8636363636363636,0.6440677966101694,66,0.8719590268886043,0.8602150537634409,0.42857142857142855,0.65625,0.5185185185185185,32,0.8766447368421052,3,0.19898446875088144,0.23595165212949118,2,no_ambiguity,2026-08-30T23:38:54.466271
0.2,0.4874551971326165,0.11589008363201912,0.48388646081322767,0.7777777777777778,0.9281767955801105,0.8463476070528967,181,0.56797583081571,0.7866108786610879,0.6596491228070176,0.5522088848566621,0.7777948456335503,0.6431473757138048,0.5748933963007012,0.7866108786610879,0.6621905755835449,0.9040633382648258,0.9088099368740251,0.8745519713261649,0.5217391304347826,0.6486486486486487,0.5783132530120482,37,0.861291043109225,0.9175627240143369,0.4,0.7058823529411765,0.5106382978723404,17,0.9389312977099237,0.9283154121863799,0.6666666666666666,1.0,0.8,40,0.9829497907949791,0.9175627240143369,0.7142857142857143,0.851063829787234,0.7766990291262136,47,0.9543286867204696,0.7956989247311828,0.550561797752809,0.7424242424242424,0.632258064516129,66,0.8554559681320245,0.8709677419354839,0.46,0.71875,0.5609756097560976,32,0.8308451417004049,4,0.13028802617330743,0.24668314142359626,2,no_ambiguity,2026-08-30T23:38:54.466271
0.2,0.16845878136200718,0.22520908004778972,0.15650067553082764,0.6870503597122302,1.0,0.814498933901919,191,0.3107344632768362,0.45267489711934156,0.3685092127303183,0.23062987736900778,0.33394114489596155,0.22648895621556384,0.24899390285863718,0.45267489711934156,0.2728380614517039,0.7446903791266801,0.7276358585466436,0.8853046594982079,0.3076923076923077,0.14814814814814814,0.2,27,0.744268077601411,0.8924731182795699,0.0,0.0,0.0,30,0.6551539491298527,0.8673835125448028,0.2,0.029411764705882353,0.05128205128205128,34,0.8200480192076831,0.8924731182795699,0.6333333333333333,0.8260869565217391,0.7169811320754716,46,0.9197611494681843,0.25089605734767023,0.2427536231884058,1.0,0.39067055393586003,67,0.7571106730498451,0.8602150537634409,0.0,0.0,0.0,39,0.5685897435897436,1,0.4196673171086745,0.3759215639697181,3,no_ambiguity,2026-08-30T23:45:59.437241
0.2,0.3906810035842294,0.16905615292712067,0.3985731332540144,0.8036529680365296,0.9214659685863874,0.8585365853658536,191,0.45305164319248825,0.7942386831275721,0.5769805680119582,0.4780921138109951,0.7747962358114919,0.5627919901156094,0.5003250785665602,0.7942386831275721,0.5886124659450475,0.8871444014689496,0.8918192981396645,0.7706093189964157,0.27710843373493976,0.8518518518518519,0.41818181818181815,27,0.8980011757789536,0.8207885304659498,0.32142857142857145,0.6,0.4186046511627907,30,0.8346720214190093,0.8637992831541219,0.46875,0.8823529411764706,0.6122448979591837,34,0.9477791116446579,0.8387096774193549,0.5061728395061729,0.8913043478260869,0.6456692913385826,46,0.9408471729800335,0.7813620071684588,0.5258620689655172,0.9104477611940298,0.6666666666666666,67,0.8816530554773303,0.910394265232975,0.7692307692307693,0.5128205128205128,0.6153846153846154,39,0.8173076923076923,2,0.31802004455315946,0.27038709819316864,3,no_ambiguity,2026-08-30T23:45:59.437241
0.2,0.48028673835125446,0.12186379928315412,0.5141760752422059,0.8070175438596491,0.9633507853403142,0.8782816229116945,191,0.5525606469002695,0.8436213991769548,0.6677524429967426,0.5720223365191288,0.8373028892305908,0.6732311292218632,0.5690114496894719,0.8436213991769548,0.673942561011607,0.9136175225876974,0.9175286786126138,0.8673835125448028,0.41379310344827586,0.8888888888888888,0.5647058823529412,27,0.9337154614932393,0.910394265232975,0.5675675675675675,0.7,0.6268656716417911,30,0.8757697456492638,0.953405017921147,0.7441860465116279,0.9411764705882353,0.8311688311688312,34,0.938655462184874,0.8960573476702509,0.6349206349206349,0.8695652173913043,0.7339449541284404,46,0.9451390184735959,0.7526881720430108,0.49166666666666664,0.8805970149253731,0.6310160427807486,67,0.899464939453675,0.8888888888888888,0.58,0.7435897435897436,0.651685393258427,39,0.888888888888889,3,0.22914023953254778,0.23370009660720825,3,no_ambiguity,2026-08-30T23:45:59.437241
0.2,0.4659498207885305,0.12365591397849462,0.4898771608547678,0.8207547169811321,0.9109947643979057,0.8635235732009926,191,0.5508474576271186,0.8024691358024691,0.6532663316582915,0.5682737179952431,0.7924890542804808,0.6500519089824429,0.5667133919206988,0.8024691358024691,0.6534787952934898,0.9143608643326592,0.9157715833699994,0.8673835125448028,0.41379310344827586,0.8888888888888888,0.5647058823529412,27,0.9329805996472663,0.9068100358422939,0.5588235294117647,0.6333333333333333,0.59375,30,0.8781793842034805,0.946236559139785,0.7111111111111111,0.9411764705882353,0.810126582278481,34,0.9528211284513806,0.9032258064516129,0.6461538461538462,0.9130434782608695,0.7567567567567568,46,0.9617465945139019,0.7526881720430108,0.4915254237288136,0.8656716417910447,0.6270270270270271,67,0.8996057448606027,0.8817204301075269,0.5882352941176471,0.5128205128205128,0.547945205479452,39,0.8612179487179488,4,0.15918671053768407,0.23670946061611176,3,no_ambiguity,2026-08-30T23:45:59.437241
0.2,0.23655913978494625,0.22640382317801672,0.26829958571501245,0.7725118483412322,0.8810810810810811,0.8232323232323232,185,0.34523809523809523,0.5823293172690763,0.4334828101644245,0.34873361973615785,0.5692383675185271,0.40705666764075593,0.3354725050905712,0.5823293172690763,0.3972467651631267,0.8034457110026698,0.7826534207003453,0.8422939068100358,0.3939393939393939,0.8666666666666667,0.5416666666666666,30,0.9174029451137885,0.8709677419354839,0.39285714285714285,0.36666666666666664,0.3793103448275862,30,0.7626506024096386,0.8745519713261649,0.375,0.4444444444444444,0.4067796610169492,27,0.8403880070546738,0.8207885304659498,0.5064935064935064,0.7647058823529411,0.609375,51,0.9050567595459237,0.46953405017921146,0.27411167512690354,0.9152542372881356,0.421875,59,0.7979969183359015,0.7634408602150538,0.15,0.057692307692307696,0.08333333333333333,52,0.5961538461538461,1,0.4103776954039179,0.3522018806801902,4,no_ambiguity,2026-08-30T23:54:51.294773
0.2,0.4121863799283154,0.15292712066905614,0.4066784290822237,0.7981651376146789,0.9405405405405406,0.8635235732009926,185,0.4904632152588556,0.7228915662650602,0.5844155844155844,0.5290567492338524,0.7324707028013774,0.576179163468193,0.5551914954138649,0.7228915662650602,0.5870831357143694,0.8925853641890716,0.8829451137884874,0.7992831541218638,0.3333333333333333,0.8666666666666667,0.48148148148148145,30,0.9224899598393574,0.8960573476702509,0.5151515151515151,0.5666666666666667,0.5396825396825397,30,0.8410977242302544,0.8853046594982079,0.45098039215686275,0.8518518518518519,0.5897435897435898,27,0.9432686654908877,0.8207885304659498,0.5053763440860215,0.9215686274509803,0.6527777777777778,51,0.9406604747162022,0.7992831541218638,0.5176470588235295,0.7457627118644068,0.6111111111111112,59,0.8669491525423729,0.8817204301075269,0.8518518518518519,0.4423076923076923,0.5822784810126582,52,0.840138935953914,2,0.2935524457933927,0.2725706381930245,4,no_ambiguity,2026-08-30T23:54:51.294773
0.2,0.5197132616487455,0.11170848267622462,0.4812195197947358,0.8341463414634146,0.9243243243243243,0.8769230769230769,185,0.6123188405797102,0.678714859437751,0.6438095238095238,0.6691535920184615,0.6527155712350129,0.6464686142015335,0.6455729675677515,0.678714859437751,0.645800782818668,0.9143926776750528,0.909287677023885,0.921146953405018,0.6818181818181818,0.5,0.5769230769230769,30,0.9226238286479251,0.9283154121863799,0.7272727272727273,0.5333333333333333,0.6153846153846154,30,0.8966532797858099,0.9498207885304659,0.782608695652174,0.6666666666666666,0.72,27,0.9578189300411523,0.899641577060932,0.6885245901639344,0.8235294117647058,0.75,51,0.934468524251806,0.7598566308243727,0.46078431372549017,0.7966101694915254,0.5838509316770186,59,0.8895223420647149,0.8709677419354839,0.6739130434782609,0.5961538461538461,0.6326530612244898,52,0.8842765164351067,3,0.20040732885550971,0.24548582235972086,4,no_ambiguity,2026-08-30T23:54:51.294773
0.2,0.5842293906810035,0.0937873357228196,0.5267315311432959,0.8877005347593583,0.8972972972972973,0.8924731182795699,185,0.6742424242424242,0.714859437751004,0.6939571150097466,0.6952814767798356,0.7081594011886468,0.6880537794148759,0.7012110464755362,0.714859437751004,0.6919897404980745,0.9075596518310045,0.9033044458535899,0.9068100358422939,0.55,0.7333333333333333,0.6285714285714286,30,0.9178045515394913,0.9354838709677419,0.7307692307692307,0.6333333333333333,0.6785714285714286,30,0.8925033467202143,0.942652329749104,0.7037037037037037,0.7037037037037037,0.7037037037037037,27,0.9567901234567902,0.9139784946236559,0.7213114754098361,0.8627450980392157,0.7857142857142857,51,0.9326625386996904,0.8422939068100358,0.5949367088607594,0.7966101694915254,0.6811594202898551,59,0.8784283513097072,0.8960573476702509,0.8709677419354839,0.5192307692307693,0.6506024096385542,52,0.866740088105727,4,0.13978901234540073,0.2378003497918447,4,no_ambiguity,2026-08-30T23:54:51.294773
0.2,0.5627240143369175,0.1003584229390681,0.529886162172765,0.8606965174129353,0.9351351351351351,0.8963730569948186,185,0.6327868852459017,0.7751004016064257,0.6967509025270758,0.6314051418439717,0.7806198451180174,0.6913829196927046,0.6460779287362215,0.7751004016064257,0.6985462206716216,0.9226655171228858,0.9194109772423025,0.8924731182795699,0.5,0.8333333333333334,0.625,30,0.9423025435073628,0.9283154121863799,0.65625,0.7,0.6774193548387096,30,0.9124497991967871,0.9247311827956989,0.575,0.8518518518518519,0.6865671641791045,27,0.9607583774250441,0.9032258064516129,0.6875,0.8627450980392157,0.7652173913043478,51,0.9399724802201582,0.8530465949820788,0.625,0.7627118644067796,0.6870229007633588,59,0.8900616332819723,0.8960573476702509,0.7446808510638298,0.6730769230769231,0.7070707070707071,52,0.889020670958997,5,0.09604567029710973,0.22615346726444033,4,no_ambiguity,2026-08-30T23:54:51.294773
0.2,0.24014336917562723,0.22640382317801672,0.30698201357284954,0.7678571428571429,0.9052631578947369,0.8309178743961353,190,0.3691683569979716,0.728,0.4899057873485868,0.38369862461129817,0.7049004322728916,0.4631653035067819,0.4115922264743522,0.728,0.48724438022614097,0.81292264915902,0.8271067415730338,0.6702508960573477,0.23853211009174313,0.7428571428571429,0.3611111111111111,35,0.765807962529274,0.8673835125448028,0.25,0.5882352941176471,0.3508771929824561,17,0.8298158958239785,0.8530465949820788,0.3684210526315789,0.8076923076923077,0.5060240963855421,26,0.873669808452417,0.8172043010752689,0.47058823529411764,0.8695652173913043,0.6106870229007634,46,0.9093114387012503,0.5985663082437276,0.3977272727272727,0.9210526315789473,0.5555555555555556,76,0.8050946331345605,0.8351254480286738,0.5769230769230769,0.3,0.39473684210526316,50,0.6924890829694323,1,0.39692592274661015,0.3370106882519192,5,no_ambiguity,2026-08-31T00:03:39.603718
0.2,0.41935483870967744,0.15471923536439666,0.4121656302478511,0.8036529680365296,0.9263157894736842,0.8606356968215159,190,0.4883720930232558,0.756,0.5934065934065934,0.4901754756593466,0.7092244111163212,0.5739318764401724,0.49694118068311616,0.756,0.5929653957685971,0.8789614226328455,0.886191011235955,0.8494623655913979,0.41025641025641024,0.45714285714285713,0.43243243243243246,35,0.8241217798594849,0.9032258064516129,0.3333333333333333,0.5882352941176471,0.425531914893617,17,0.8693309384822632,0.931899641577061,0.6129032258064516,0.7307692307692307,0.6666666666666666,26,0.9130434782608695,0.9032258064516129,0.6507936507936508,0.8913043478260869,0.7522935779816514,46,0.935342414629595,0.6702508960573477,0.44805194805194803,0.9078947368421053,0.6,76,0.8828752916774696,0.8136200716845878,0.4857142857142857,0.68,0.5666666666666667,50,0.84882096069869,2,0.2824174776823834,0.2647655713889334,5,no_ambiguity,2026-08-31T00:03:39.603718
0.2,0.43010752688172044,0.15113500597371565,0.45014279889730896,0.7896995708154506,0.968421052631579,0.8699763593380615,190,0.4965197215777262,0.856,0.6284875183553598,0.4957969856448787,0.8301699211633254,0.6115659598370041,0.5249517816235668,0.856,0.641480561402036,0.9085254764952571,0.9143764044943821,0.7741935483870968,0.3372093023255814,0.8285714285714286,0.4793388429752066,35,0.8826697892271662,0.8960573476702509,0.3333333333333333,0.7058823529411765,0.4528301886792453,17,0.9115401885945218,0.9032258064516129,0.4888888888888889,0.8461538461538461,0.6197183098591549,26,0.9197324414715718,0.9139784946236559,0.6774193548387096,0.9130434782608695,0.7777777777777778,46,0.9329165889158425,0.7275985663082437,0.5,0.9473684210526315,0.6545454545454545,76,0.9204692766398755,0.8781362007168458,0.6379310344827587,0.74,0.6851851851851852,50,0.882532751091703,3,0.19614130649903808,0.24928200244903564,5,no_ambiguity,2026-08-31T00:03:39.603718
0.2,0.5483870967741935,0.09438470728793309,0.5190788720010656,0.8207547169811321,0.9157894736842105,0.8656716417910447,190,0.6586206896551724,0.764,0.7074074074074074,0.6327960345187581,0.7360595419297802,0.6742266795029321,0.6661381313791487,0.764,0.7085840341421991,0.90769229728309,0.9167921348314607,0.8745519713261649,0.5,0.5428571428571428,0.5205479452054794,35,0.8742388758782201,0.9247311827956989,0.43333333333333335,0.7647058823529411,0.5531914893617021,17,0.9126627750336775,0.9390681003584229,0.6956521739130435,0.6153846153846154,0.6530612244897959,26,0.9066585588324718,0.9390681003584229,0.7735849056603774,0.8913043478260869,0.8282828282828283,46,0.9220003732039559,0.8602150537634409,0.7032967032967034,0.8421052631578947,0.7664670658682635,76,0.9189136634690174,0.8960573476702509,0.6909090909090909,0.76,0.7238095238095238,50,0.9116157205240175,4,0.1395868123932318,0.22584983168376815,5,no_ambiguity,2026-08-31T00:03:39.603718
0.2,0.5483870967741935,0.10692951015531661,0.48651597496706195,0.8380952380952381,0.9263157894736842,0.88,190,0.6134185303514377,0.768,0.6820603907637656,0.5986700869117061,0.734284052645878,0.6457531616541733,0.6331217091854662,0.768,0.6827390219235995,0.9077395321708148,0.9080224719101123,0.899641577060932,0.64,0.45714285714285713,0.5333333333333333,35,0.8480093676814988,0.9139784946236559,0.3870967741935484,0.7058823529411765,0.5,17,0.9151324651998204,0.931899641577061,0.6296296296296297,0.6538461538461539,0.6415094339622641,26,0.9005776831863788,0.921146953405018,0.7,0.9130434782608695,0.7924528301886793,46,0.94980406792312,0.8673835125448028,0.7294117647058823,0.8157894736842105,0.7701863354037267,76,0.9121078558465128,0.8243727598566308,0.5058823529411764,0.86,0.6370370370370371,50,0.9186026200873361,5,0.099574859846722,0.2367539145052433,5,no_ambiguity,2026-08-31T00:03:39.603718
0.2,0.1827956989247312,0.24432497013142174,0.23388789792298562,0.6715328467153284,0.9945945945945946,0.8017429193899782,185,0.31196581196581197,0.6266094420600858,0.4165477888730385,0.2896845029242784,0.5444278816454045,0.36286613970824494,0.28956368869354887,0.6266094420600858,0.37809373218453857,0.8340637206024579,0.7880912456478424,0.8817204301075269,0.0,0.0,0.0,33,0.7673072185267307,0.8853046594982079,0.32,0.34782608695652173,0.3333333333333333,23,0.8928328804347826,0.8637992831541219,0.37209302325581395,0.5925925925925926,0.45714285714285713,27,0.8740446796002352,0.7849462365591398,0.40229885057471265,0.813953488372093,0.5384615384615384,43,0.8955459203783996,0.30824372759856633,0.2548262548262548,1.0,0.40615384615384614,66,0.8209560392658983,0.8100358422939068,0.3888888888888889,0.5121951219512195,0.4421052631578947,41,0.7499487599918017,1,0.42201290573134564,0.3477935824129317,6,no_ambiguity,2026-08-31T00:10:45.153141
0.2,0.3942652329749104,0.13918757467144563,0.4533584455853768,0.7631578947368421,0.9405405405405406,0.8426150121065376,185,0.5,0.8025751072961373,0.6161449752883031,0.5140259768487468,0.7822348770974714,0.6063536225592191,0.5121573264095781,0.8025751072961373,0.613063811173364,0.9138000750531747,0.9102763043070353,0.8637992831541219,0.4,0.30303030303030304,0.3448275862068966,33,0.8385070214338507,0.9032258064516129,0.4523809523809524,0.8260869565217391,0.5846153846153846,23,0.9359714673913043,0.967741935483871,0.78125,0.9259259259259259,0.847457627118644,27,0.9676660787771899,0.8566308243727598,0.5211267605633803,0.8604651162790697,0.6491228070175439,43,0.9400867165944028,0.8136200716845878,0.5648148148148148,0.9242424242424242,0.7011494252873564,66,0.9266609759567506,0.7598566308243727,0.3645833333333333,0.8536585365853658,0.5109489051094891,41,0.8715925394548064,2,0.2965061977656201,0.25706295669078827,6,no_ambiguity,2026-08-31T00:10:45.153141
0.2,0.5304659498207885,0.1135005973715651,0.5057954049122709,0.7964601769911505,0.972972972972973,0.8759124087591241,185,0.5616045845272206,0.8412017167381974,0.6735395189003437,0.5602960464165981,0.8352205831860076,0.6669347296093151,0.5730676839767324,0.8412017167381974,0.6788248150132027,0.9197837052077686,0.9238577168335056,0.8494623655913979,0.4262295081967213,0.7878787878787878,0.5531914893617021,33,0.9014535599901454,0.921146953405018,0.5121951219512195,0.9130434782608695,0.65625,23,0.9329144021739131,0.9390681003584229,0.65625,0.7777777777777778,0.711864406779661,27,0.9564961787184009,0.910394265232975,0.65,0.9069767441860465,0.7572815533980582,43,0.9296413086322428,0.8602150537634409,0.6483516483516484,0.8939393939393939,0.7515923566878981,66,0.9218238725280979,0.8387096774193549,0.46875,0.7317073170731707,0.5714285714285714,41,0.8751793400286945,3,0.20266867722525742,0.22616854227251476,6,no_ambiguity,2026-08-31T00:10:45.153141
0.2,0.5448028673835126,0.1015531660692951,0.5273772469710518,0.7739130434782608,0.9621621621621622,0.8578313253012049,185,0.5981308411214953,0.8240343347639485,0.6931407942238267,0.6097517619423288,0.8099946361884592,0.6878185939537805,0.6102595267979808,0.8240343347639485,0.6930846597484703,0.9263220726918927,0.9259515179313363,0.8924731182795699,0.5365853658536586,0.6666666666666666,0.5945945945945946,33,0.8797733431879773,0.9175627240143369,0.5,0.9130434782608695,0.6461538461538462,23,0.9325747282608695,0.9498207885304659,0.7096774193548387,0.8148148148148148,0.7586206896551724,27,0.9785420340975897,0.9175627240143369,0.6923076923076923,0.8372093023255814,0.7578947368421053,43,0.9303310997240836,0.8136200716845878,0.5614035087719298,0.9696969696969697,0.7111111111111111,66,0.9374733247972685,0.899641577060932,0.6585365853658537,0.6585365853658537,0.6585365853658537,41,0.8989547038327526,4,0.13810482801813068,0.22969515290525225,6,no_ambiguity,2026-08-31T00:10:45.153141
0.2,0.1039426523297491,0.30286738351254483,0.2503864007912861,0.66015625,0.976878612716763,0.7878787878787878,173,0.274294670846395,0.7990867579908676,0.40840140023337224,0.28550358983705443,0.6958185264155413,0.3837989144677514,0.3022014692461954,0.7990867579908676,0.4221895201487121,0.8210346974443159,0.8354626622102967,0.6487455197132617,0.21666666666666667,0.8666666666666667,0.3466666666666667,30,0.8386880856760376,0.9247311827956989,0.25,0.2,0.2222222222222222,15,0.8555555555555556,0.7956989247311828,0.17543859649122806,0.5,0.2597402597402597,20,0.7998069498069498,0.8817204301075269,0.5671641791044776,0.9047619047619048,0.6972477064220184,42,0.9223427767731565,0.36200716845878134,0.2697095435684647,0.9701492537313433,0.42207792207792205,67,0.778231484088989,0.5698924731182796,0.23404255319148937,0.7333333333333333,0.3548387096774194,45,0.7332383665716998,1,0.4175463993139941,0.3280392901764976,7,no_ambiguity,2026-08-31T00:17:52.882130
0.2,0.32974910394265233,0.16905615292712067,0.384258710017018,0.6974789915966386,0.9595375722543352,0.8077858880778589,173,0.4255813953488372,0.8356164383561644,0.5639445300462249,0.4209380650741956,0.8153143015083314,0.5510458980954632,0.4364123235813387,0.8356164383561644,0.5689202757009958,0.8962651269865202,0.9055029892199785,0.8243727598566308,0.3582089552238806,0.8,0.4948453608247423,30,0.8927710843373493,0.8924731182795699,0.2972972972972973,0.7333333333333333,0.4230769230769231,15,0.926010101010101,0.9139784946236559,0.4473684210526316,0.85,0.5862068965517241,20,0.92007722007722,0.8745519713261649,0.5538461538461539,0.8571428571428571,0.6728971962616822,42,0.9197307615029134,0.6630824372759857,0.4117647058823529,0.9402985074626866,0.5727272727272728,67,0.881019431146156,0.8172043010752689,0.45714285714285713,0.7111111111111111,0.5565217391304348,45,0.8374169040835708,2,0.3082146823707253,0.25113217532634735,7,no_ambiguity,2026-08-31T00:17:52.882130
0.2,0.4838709677419355,0.12425328554360812,0.4777454201513341,0.7166666666666667,0.9942196531791907,0.8329297820823245,173,0.5145118733509235,0.8904109589041096,0.6521739130434783,0.5056093238944684,0.8984344152254601,0.6450893440023875,0.5168143108623039,0.8904109589041096,0.6528760275633414,0.9363073800470152,0.9359192832148627,0.899641577060932,0.52,0.8666666666666667,0.65,30,0.9555555555555555,0.9247311827956989,0.4117647058823529,0.9333333333333333,0.5714285714285714,15,0.945959595959596,0.931899641577061,0.5135135135135135,0.95,0.6666666666666666,20,0.9604247104247103,0.8853046594982079,0.5714285714285714,0.9523809523809523,0.7142857142857143,42,0.9567008237894313,0.7741935483870968,0.5169491525423728,0.9104477611940298,0.6594594594594595,67,0.8958744015770206,0.8387096774193549,0.5,0.7777777777777778,0.6086956521739131,45,0.9022792022792023,3,0.21506403589790518,0.21945390105247498,7,no_ambiguity,2026-08-31T00:17:52.882130
0.2,0.4731182795698925,0.11947431302270012,0.47100529100529104,0.7148936170212766,0.9710982658959537,0.8235294117647058,173,0.527536231884058,0.8310502283105022,0.6453900709219859,0.5279057021313659,0.814729921819474,0.6367323736858941,0.540356355030861,0.8310502283105022,0.6504690152547732,0.9308734705500875,0.9308321172464653,0.9068100358422939,0.5454545454545454,0.8,0.6486486486486487,30,0.9322623828647926,0.931899641577061,0.4230769230769231,0.7333333333333333,0.5365853658536586,15,0.9532828282828283,0.931899641577061,0.5151515151515151,0.85,0.6415094339622641,20,0.9714285714285714,0.921146953405018,0.7083333333333334,0.8095238095238095,0.7555555555555555,42,0.9345991561181434,0.7849462365591398,0.5309734513274337,0.8955223880597015,0.6666666666666666,67,0.8915798366657279,0.8064516129032258,0.4444444444444444,0.8,0.5714285714285714,45,0.8988603988603989,4,0.14447033721389194,0.22104235159026253,7,no_ambiguity,2026-08-31T00:17:52.882130
0.2,0.4014336917562724,0.17204301075268819,0.33731362482411686,0.8816568047337278,0.772020725388601,0.8232044198895028,193,0.4340659340659341,0.6583333333333333,0.5231788079470199,0.41820885087432264,0.6224088470631024,0.49507481857567526,0.43851290176861185,0.6583333333333333,0.5217878651902067,0.8293143898064111,0.8440202231520223,0.8315412186379928,0.2830188679245283,0.625,0.38961038961038963,24,0.8416666666666667,0.9068100358422939,0.375,0.45,0.4090909090909091,20,0.8366795366795367,0.8960573476702509,0.46153846153846156,0.6923076923076923,0.5538461538461539,26,0.9017938583155974,0.8709677419354839,0.5967741935483871,0.7708333333333334,0.6727272727272727,48,0.9077380952380952,0.6989247311827957,0.46564885496183206,0.8133333333333334,0.5922330097087378,75,0.7642483660130719,0.7634408602150538,0.32727272727272727,0.3829787234042553,0.35294117647058826,47,0.7234959647835657,1,0.422452786655137,0.34034815265072715,8,no_ambiguity,2026-08-31T00:26:43.647406
0.2,0.35125448028673834,0.16009557945041816,0.40865844092968273,0.7341269841269841,0.9585492227979274,0.8314606741573034,193,0.4639175257731959,0.75,0.5732484076433121,0.5081274966057574,0.7073231496635751,0.57605105827453,0.49454837001032653,0.75,0.5788223873167389,0.8724663276702284,0.8776470246397025,0.8888888888888888,0.3939393939393939,0.5416666666666666,0.45614035087719296,24,0.8490196078431372,0.9247311827956989,0.48,0.6,0.5333333333333333,20,0.885907335907336,0.942652329749104,0.6923076923076923,0.6923076923076923,0.6923076923076923,26,0.8914563697172393,0.7634408602150538,0.41818181818181815,0.9583333333333334,0.5822784810126582,48,0.9502164502164502,0.6379928315412187,0.41216216216216217,0.8133333333333334,0.547085201793722,75,0.8126797385620916,0.8817204301075269,0.6521739130434783,0.6382978723404256,0.6451612903225806,47,0.8456529713866471,2,0.30152810011247194,0.27247923529810375,8,no_ambiguity,2026-08-31T00:26:43.647406
0.2,0.5376344086021505,0.1087216248506571,0.49508564859442056,0.8483412322274881,0.927461139896373,0.8861386138613861,193,0.5900621118012422,0.7916666666666666,0.6761565836298933,0.5943556827549159,0.7779125750136388,0.6574355757219236,0.6206997740050201,0.7916666666666666,0.680255733839595,0.9217412050124816,0.9174076011157601,0.8817204301075269,0.4117647058823529,0.875,0.56,24,0.9462418300653594,0.9175627240143369,0.4482758620689655,0.65,0.5306122448979592,20,0.914864864864865,0.946236559139785,0.6896551724137931,0.7692307692307693,0.7272727272727273,26,0.9277896017026452,0.8888888888888888,0.6164383561643836,0.9375,0.743801652892562,48,0.9577922077922078,0.8064516129032258,0.6,0.84,0.7,75,0.9007843137254901,0.9068100358422939,0.8,0.5957446808510638,0.6829268292682927,47,0.8791269258987529,3,0.21692531345167546,0.21847853395673963,8,no_ambiguity,2026-08-31T00:26:43.647406
0.2,0.5340501792114696,0.1027479091995221,0.5501470990695129,0.7923728813559322,0.9689119170984456,0.8717948717948718,193,0.6011904761904762,0.8416666666666667,0.7013888888888888,0.641807667594774,0.8148097381342062,0.7035298891125382,0.6380657885343043,0.8416666666666667,0.7103832522186437,0.9321640780417375,0.9328306601580661,0.9139784946236559,0.5,0.875,0.6363636363636364,24,0.9712418300653595,0.9247311827956989,0.4827586206896552,0.7,0.5714285714285714,20,0.9094594594594595,0.967741935483871,0.8695652173913043,0.7692307692307693,0.8163265306122449,26,0.937519002736394,0.9283154121863799,0.7413793103448276,0.8958333333333334,0.8113207547169812,48,0.9593253968253969,0.7383512544802867,0.5071428571428571,0.9466666666666667,0.6604651162790698,75,0.9211111111111111,0.910394265232975,0.75,0.7021276595744681,0.7252747252747253,47,0.893892149669846,4,0.15491531548475979,0.19791517655054727,8,no_ambiguity,2026-08-31T00:26:43.647406
0.2,0.6810035842293907,0.07108721624850657,0.6068510597468243,0.9180327868852459,0.8704663212435233,0.8936170212765957,193,0.7510373443983402,0.7541666666666667,0.7525987525987526,0.7578383562648837,0.7599788597926896,0.7525214688829753,0.7640056688973796,0.7541666666666667,0.7512478030666159,0.9393303901903193,0.940847280334728,0.953405017921147,0.7619047619047619,0.6666666666666666,0.7111111111111111,24,0.9756535947712419,0.953405017921147,0.6521739130434783,0.75,0.6976744186046512,20,0.9110038610038611,0.974910394265233,0.9130434782608695,0.8076923076923077,0.8571428571428571,26,0.959410155062329,0.921146953405018,0.703125,0.9375,0.8035714285714286,48,0.9709595959595959,0.8709677419354839,0.8305084745762712,0.6533333333333333,0.7313432835820896,75,0.8845751633986929,0.899641577060932,0.6862745098039216,0.7446808510638298,0.7142857142857143,47,0.9336940572267058,5,0.10440798145201471,0.19426942451132667,8,no_ambiguity,2026-08-31T00:26:43.647406
0.2,0.14695340501792115,0.24551971326164876,0.2884743871781079,0.6691449814126395,1.0,0.8017817371937639,180,0.3136456211812627,0.6754385964912281,0.4283727399165508,0.3818508305208728,0.614625100108971,0.43481742506724186,0.3957673743843196,0.6754385964912281,0.4533208294994178,0.8021856846856847,0.8026983087039868,0.7921146953405018,0.2923076923076923,0.6129032258064516,0.3958333333333333,31,0.8284339229968782,0.8853046594982079,0.23809523809523808,0.23809523809523808,0.23809523809523808,21,0.7163159837578442,0.8566308243727598,0.38181818181818183,0.7777777777777778,0.5121951219512195,27,0.8715461493239272,0.8853046594982079,0.6730769230769231,0.7,0.6862745098039216,50,0.9305676855895197,0.25089605734767023,0.22304832713754646,1.0,0.364741641337386,60,0.7009893455098934,0.8566308243727598,0.4827586206896552,0.358974358974359,0.4117647058823529,39,0.7647435897435897,1,0.41690280401345453,0.33228031711445916,9,no_ambiguity,2026-08-31T00:33:53.840126
0.2,0.36200716845878134,0.16726403823178015,0.4138497309390434,0.748898678414097,0.9444444444444444,0.8353808353808354,180,0.43658536585365854,0.7850877192982456,0.5611285266457681,0.4710992800919789,0.7789168099920788,0.5785456016772478,0.4696418392938227,0.7850877192982456,0.5778248562980134,0.8831697234355538,0.8924376986726845,0.7921146953405018,0.3246753246753247,0.8064516129032258,0.46296296296296297,31,0.8735691987513008,0.9175627240143369,0.46875,0.7142857142857143,0.5660377358490566,21,0.8944259874492433,0.921146953405018,0.5641025641025641,0.8148148148148148,0.6666666666666666,27,0.9325396825396826,0.8960573476702509,0.6721311475409836,0.82,0.7387387387387387,50,0.9316157205240174,0.6308243727598566,0.34532374100719426,0.8,0.4824120603015075,60,0.7947488584474885,0.8387096774193549,0.45161290322580644,0.717948717948718,0.5544554455445545,39,0.8698717948717948,2,0.288692759594532,0.2601820354660352,9,no_ambiguity,2026-08-31T00:33:53.840126
0.2,0.5125448028673835,0.10692951015531661,0.49573650466247376,0.7813953488372093,0.9333333333333333,0.850632911392405,180,0.580327868852459,0.7763157894736842,0.6641651031894934,0.5816343008824033,0.772667843904403,0.6589398844353979,0.5926656756905557,0.7763157894736842,0.6670299081964086,0.9100509927481255,0.9131360559074034,0.9068100358422939,0.5675675675675675,0.6774193548387096,0.6176470588235294,31,0.9284599375650364,0.921146953405018,0.4838709677419355,0.7142857142857143,0.5769230769230769,21,0.9101144333702473,0.946236559139785,0.6875,0.8148148148148148,0.7457627118644068,27,0.9450323339212229,0.899641577060932,0.6617647058823529,0.9,0.7627118644067796,50,0.9580786026200874,0.8458781362007168,0.6307692307692307,0.6833333333333333,0.656,60,0.8354642313546423,0.8387096774193549,0.4583333333333333,0.8461538461538461,0.5945945945945946,39,0.883974358974359,3,0.19780079410834747,0.2241830076608393,9,no_ambiguity,2026-08-31T00:33:53.840126
0.2,0.4551971326164875,0.12246117084826762,0.5127771532127903,0.7608695652173914,0.9722222222222222,0.8536585365853658,180,0.5327635327635327,0.8201754385964912,0.6459412780656304,0.5843422026750548,0.8089128712784626,0.6688598168673551,0.5691742836624328,0.8201754385964912,0.6623183249668906,0.9092118232888842,0.9202700735240591,0.8315412186379928,0.375,0.7741935483870968,0.5052631578947369,31,0.9097294484911549,0.956989247311828,0.6956521739130435,0.7619047619047619,0.7272727272727273,21,0.9047619047619048,0.9498207885304659,0.7096774193548387,0.8148148148148148,0.7586206896551724,27,0.9174015285126396,0.9283154121863799,0.75,0.9,0.8181818181818182,50,0.9565065502183406,0.7168458781362007,0.42016806722689076,0.8333333333333334,0.5586592178770949,60,0.8550989345509893,0.8817204301075269,0.5555555555555556,0.7692307692307693,0.6451612903225806,39,0.9126068376068376,4,0.1368841708007485,0.22665617946121427,9,no_ambiguity,2026-08-31T00:33:53.840126
